{
    "right_wrist": [
        -0.01840495690703392,
        0.88,
        -0.17147484577381222
    ],
    "right_shoulder": [
        0.5020230412483215,
        0.94,
        0.0052119465090462724
    ],
    "left_shoulder": [
        0.43843185901641846,
        0.94,
        0.26883507322399924
    ],
    "left_wrist": [
        -0.03580943122506142,
        0.88,
        0.40105597811239857
    ],
    "right_hip": [
        0.0034784385934472084,
        0.94,
        0.06340178249628625
    ],
    "right_ankle": [
        -0.6840344667434692,
        0.94,
        0.014283521485534578
    ],
    "left_hip": [
        -0.0016513799782842398,
        0.94,
        0.2394892858009965
    ],
    "left_ankle": [
        -0.7886369824409485,
        0.94,
        0.27515097594156934
    ]
}