{
    "right_wrist": [
        0.03245532140135765,
        0.93,
        -0.18101491770449663
    ],
    "right_shoulder": [
        0.497655987739563,
        0.96,
        0.022737376388824337
    ],
    "left_shoulder": [
        0.42223018407821655,
        0.96,
        0.3234097121399735
    ],
    "left_wrist": [
        -0.01881192997097969,
        0.93,
        0.4603923420596816
    ],
    "right_hip": [
        0.01258014515042305,
        0.96,
        0.05820952993062933
    ],
    "right_ankle": [
        -0.7100059390068054,
        0.95,
        0.06093723262523554
    ],
    "left_hip": [
        -0.00985324289649725,
        0.96,
        0.24404353766381126
    ],
    "left_ankle": [
        -0.7958556413650513,
        0.95,
        0.26865211852152626
    ]
}