{
    "right_wrist": [
        0.007581602782011032,
        0.88,
        -0.18087813361366578
    ],
    "right_shoulder": [
        0.4863676130771637,
        0.94,
        0.017293410427179134
    ],
    "left_shoulder": [
        0.42014724016189575,
        0.94,
        0.29890906545500595
    ],
    "left_wrist": [
        -0.04123656079173088,
        0.88,
        0.353460093609832
    ],
    "right_hip": [
        0.008982466533780098,
        0.94,
        0.05935179367459531
    ],
    "right_ankle": [
        -0.7200507521629333,
        0.94,
        0.040855797825247286
    ],
    "left_hip": [
        -0.0058310129679739475,
        0.94,
        0.24320896056888075
    ],
    "left_ankle": [
        -0.7731409668922424,
        0.94,
        0.29124600919397814
    ]
}