{
    "right_wrist": [
        -0.015133903361856937,
        0.88,
        -0.1892289475648976
    ],
    "right_shoulder": [
        0.4670123755931854,
        0.94,
        0.0027833801848560213
    ],
    "left_shoulder": [
        0.39854851365089417,
        0.94,
        0.2731539900633013
    ],
    "left_wrist": [
        -0.028558913618326187,
        0.88,
        0.3901495961738459
    ],
    "right_hip": [
        0.008676654659211636,
        0.94,
        0.06364953559431696
    ],
    "right_ankle": [
        -0.6619479656219482,
        0.94,
        0.005200252458225307
    ],
    "left_hip": [
        -0.0052289883606135845,
        0.94,
        0.23904306418181775
    ],
    "left_ankle": [
        -0.7888053059577942,
        0.94,
        0.26400979870713925
    ]
}