{
    "right_wrist": [
        -0.1143246442079544,
        0.88,
        -0.22190101494765752
    ],
    "right_shoulder": [
        0.4306829571723938,
        0.94,
        0.03174354578350336
    ],
    "left_shoulder": [
        0.35529956221580505,
        0.94,
        0.30934499621622197
    ],
    "left_wrist": [
        -0.1483738124370575,
        0.88,
        0.39403473323430305
    ],
    "right_hip": [
        0.029786810278892517,
        0.94,
        0.06757398862888131
    ],
    "right_ankle": [
        -0.7259870767593384,
        0.94,
        0.015249269978729885
    ],
    "left_hip": [
        -0.026593947783112526,
        0.94,
        0.2332313191661366
    ],
    "left_ankle": [
        -0.7656154036521912,
        0.94,
        0.1849724156718846
    ]
}