{
    "right_wrist": [
        -0.014928186312317848,
        0.88,
        -0.19086974703200354
    ],
    "right_shoulder": [
        0.45865532755851746,
        0.94,
        0.007360675483607082
    ],
    "left_shoulder": [
        0.39274030923843384,
        0.94,
        0.3127182809303477
    ],
    "left_wrist": [
        -0.044092368334531784,
        0.88,
        0.4191492568244315
    ],
    "right_hip": [
        0.010202886536717415,
        0.94,
        0.05711765452096307
    ],
    "right_ankle": [
        -0.7779039144515991,
        0.94,
        0.08752529881605842
    ],
    "left_hip": [
        -0.007529485505074263,
        0.94,
        0.24442907559275295
    ],
    "left_ankle": [
        -0.8137808442115784,
        0.94,
        0.2756561563272104
    ]
}