{
    "right_wrist": [
        -0.023298077285289764,
        0.88,
        -0.13047423796466973
    ],
    "right_shoulder": [
        0.47845256328582764,
        0.94,
        0.044019443230259636
    ],
    "left_shoulder": [
        0.41472283005714417,
        0.94,
        0.3022264357797333
    ],
    "left_wrist": [
        -0.010678746737539768,
        0.88,
        0.420510949328003
    ],
    "right_hip": [
        0.013069480657577515,
        0.94,
        0.06128314933118584
    ],
    "right_ankle": [
        -0.7046834826469421,
        0.94,
        0.04463305141733187
    ],
    "left_hip": [
        -0.009830479510128498,
        0.94,
        0.2412016314680161
    ],
    "left_ankle": [
        -0.8098759055137634,
        0.94,
        0.26973072476420157
    ]
}