{
    "right_index": [
        -0.020131396129727364,
        2.3013671402469313,
        -0.2289543200973192
    ],
    "right_shoulder": [
        0.4879406988620758,
        2.165602606022067,
        0.018232385705884813
    ],
    "left_shoulder": [
        0.4253469407558441,
        2.1967452846284026,
        0.31049588054022736
    ],
    "left_index": [
        -0.060410916805267334,
        2.166968099542488,
        0.4737346650066623
    ],
    "right_hip": [
        0.009450765326619148,
        2.1277850183238614,
        0.05627584488709447
    ],
    "right_foot_index": [
        -0.7526283860206604,
        1.9350535908759516,
        0.05858582278477886
    ],
    "left_hip": [
        -0.007030941080302,
        2.070760824181983,
        0.24616934685008607
    ],
    "left_foot_index": [
        -0.8924819231033325,
        1.9566713603890182,
        0.26285394538570106
    ]
}