{
    "right_wrist": [
        0.01691998913884163,
        0.88,
        -0.18050428677770647
    ],
    "right_shoulder": [
        0.49174579977989197,
        0.94,
        0.016030641069947338
    ],
    "left_shoulder": [
        0.4204177260398865,
        0.94,
        0.29828630058368866
    ],
    "left_wrist": [
        -0.004209387116134167,
        0.88,
        0.4491691073377504
    ],
    "right_hip": [
        0.008436215110123158,
        0.94,
        0.06239853785838889
    ],
    "right_ankle": [
        -0.6971628665924072,
        0.94,
        0.03631105316234695
    ],
    "left_hip": [
        -0.005338580347597599,
        0.94,
        0.24059196591420395
    ],
    "left_ankle": [
        -0.7813402414321899,
        0.94,
        0.26872325935524444
    ]
}