{
    "right_wrist": [
        -0.00811750441789627,
        0.88,
        -0.19833692461297936
    ],
    "right_shoulder": [
        0.49180495738983154,
        0.94,
        -0.002561690007224282
    ],
    "left_shoulder": [
        0.4302520155906677,
        0.94,
        0.2746884999469499
    ],
    "left_wrist": [
        -0.0174705870449543,
        0.88,
        0.431219280025807
    ],
    "right_hip": [
        0.005088523495942354,
        0.94,
        0.06277951694921713
    ],
    "right_ankle": [
        -0.6819962859153748,
        0.94,
        0.0228117561829162
    ],
    "left_hip": [
        -0.0017416417831555009,
        0.94,
        0.23969268709531377
    ],
    "left_ankle": [
        -0.7661792635917664,
        0.94,
        0.23744124017623314
    ]
}