{
    "right_index": [
        -0.02364811860024929,
        0.86,
        -0.14908979628197194
    ],
    "right_shoulder": [
        0.4761198163032532,
        0.86,
        0.016535928573536474
    ],
    "left_shoulder": [
        0.4082804322242737,
        0.86,
        0.27864929996550813
    ],
    "left_index": [
        -0.08442988991737366,
        0.86,
        0.3881985009250384
    ],
    "right_hip": [
        0.008898057043552399,
        0.86,
        0.06377173213270138
    ],
    "right_foot_index": [
        -0.7754799723625183,
        0.86,
        0.03256339900538441
    ],
    "left_hip": [
        -0.005352262873202562,
        0.86,
        0.2392469273725104
    ],
    "left_foot_index": [
        -0.8571547865867615,
        0.86,
        0.22573850333928913
    ]
}