{
    "right_wrist": [
        0.017653459683060646,
        0.88,
        -0.16249031169906303
    ],
    "right_shoulder": [
        0.5028491020202637,
        0.94,
        0.02339237458132981
    ],
    "left_shoulder": [
        0.4302767217159271,
        0.94,
        0.30236267269318073
    ],
    "left_wrist": [
        -0.050696104764938354,
        0.88,
        0.390641069732907
    ],
    "right_hip": [
        0.009808430448174477,
        0.94,
        0.059824204718204044
    ],
    "right_ankle": [
        -0.7178437113761902,
        0.94,
        0.03318618113805982
    ],
    "left_hip": [
        -0.006773023866117001,
        0.94,
        0.24285461141807563
    ],
    "left_ankle": [
        -0.7485083937644958,
        0.94,
        0.2630964722310587
    ]
}