{
    "right_wrist": [
        -0.009822120890021324,
        0.88,
        -0.19032973543813814
    ],
    "right_shoulder": [
        0.47848039865493774,
        0.94,
        0.014306395660987181
    ],
    "left_shoulder": [
        0.421853631734848,
        0.94,
        0.2880805956976018
    ],
    "left_wrist": [
        -0.045454394072294235,
        0.88,
        0.34408605326050745
    ],
    "right_hip": [
        0.0102681964635849,
        0.94,
        0.06118489809966232
    ],
    "right_ankle": [
        -0.7178890109062195,
        0.94,
        0.05329929398474231
    ],
    "left_hip": [
        -0.007128349505364895,
        0.94,
        0.24124977742526932
    ],
    "left_ankle": [
        -0.8027052283287048,
        0.94,
        0.26809086609385524
    ]
}