{
    "right_wrist": [
        0.021031826734542847,
        0.85,
        -0.18531891855577864
    ],
    "right_shoulder": [
        0.4882535934448242,
        0.85,
        0.0413434236909872
    ],
    "left_shoulder": [
        0.4169669449329376,
        0.85,
        0.3573667333374182
    ],
    "left_wrist": [
        -0.018516594544053078,
        0.85,
        0.5585847421801686
    ],
    "right_hip": [
        0.015671415254473686,
        0.86,
        0.057401631863844615
    ],
    "right_ankle": [
        -0.7553955316543579,
        0.84,
        0.07066733956035165
    ],
    "left_hip": [
        -0.011914828792214394,
        0.86,
        0.2444981739282177
    ],
    "left_ankle": [
        -0.8089740872383118,
        0.84,
        0.2794610680579357
    ]
}