{
    "right_wrist": [
        -0.0020368918776512146,
        0.88,
        -0.20291942319233058
    ],
    "right_shoulder": [
        0.48299044370651245,
        0.94,
        0.009494681117622417
    ],
    "left_shoulder": [
        0.415281742811203,
        0.94,
        0.2938300041909683
    ],
    "left_wrist": [
        -0.06109759211540222,
        0.88,
        0.36970494035430046
    ],
    "right_hip": [
        0.007859040051698685,
        0.94,
        0.05911428490635928
    ],
    "right_ankle": [
        -0.7146730422973633,
        0.94,
        0.04543480967542379
    ],
    "left_hip": [
        -0.005249870475381613,
        0.94,
        0.24324258413099686
    ],
    "left_ankle": [
        -0.787166953086853,
        0.94,
        0.25210017204496715
    ]
}