{
    "right_wrist": [
        -0.01143984030932188,
        0.88,
        -0.1828398114522889
    ],
    "right_shoulder": [
        0.47006550431251526,
        0.94,
        0.02167766021487072
    ],
    "left_shoulder": [
        0.3947775661945343,
        0.94,
        0.276713038968027
    ],
    "left_wrist": [
        -0.04530784860253334,
        0.88,
        0.4109353748317689
    ],
    "right_hip": [
        0.010622041299939156,
        0.94,
        0.06766889305055024
    ],
    "right_ankle": [
        -0.7072955965995789,
        0.94,
        0.020735003512461603
    ],
    "left_hip": [
        -0.0070892940275371075,
        0.94,
        0.2354596551686412
    ],
    "left_ankle": [
        -0.8140406608581543,
        0.94,
        0.2758436082104998
    ]
}