{
    "right_wrist": [
        -0.005097690969705582,
        0.88,
        -0.22084837916946043
    ],
    "right_shoulder": [
        0.48548197746276855,
        0.94,
        0.0036952677132635614
    ],
    "left_shoulder": [
        0.42146098613739014,
        0.94,
        0.2879319727663123
    ],
    "left_wrist": [
        -0.023663919419050217,
        0.88,
        0.44889852985752293
    ],
    "right_hip": [
        0.006544413045048714,
        0.94,
        0.06144265150155537
    ],
    "right_ankle": [
        -0.6905083656311035,
        0.94,
        0.04190410961374802
    ],
    "left_hip": [
        -0.004338023718446493,
        0.94,
        0.24076694187723513
    ],
    "left_ankle": [
        -0.8034815192222595,
        0.94,
        0.24699327622830047
    ]
}