{
    "right_wrist": [
        -0.005192693322896957,
        0.88,
        -0.13977137373792403
    ],
    "right_shoulder": [
        0.5028588175773621,
        0.94,
        0.028719972409932293
    ],
    "left_shoulder": [
        0.4290233552455902,
        0.94,
        0.31803118419275256
    ],
    "left_wrist": [
        -0.04388429969549179,
        0.88,
        0.4362190652371587
    ],
    "right_hip": [
        0.011491379700601101,
        0.94,
        0.058576195393240216
    ],
    "right_ankle": [
        -0.7572612762451172,
        0.94,
        0.04205936097555352
    ],
    "left_hip": [
        -0.008240826427936554,
        0.94,
        0.2438985940325653
    ],
    "left_ankle": [
        -0.7852876782417297,
        0.94,
        0.2560692624197518
    ]
}