{
    "right_wrist": [
        -0.021403243765234947,
        0.88,
        -0.13320734666761425
    ],
    "right_shoulder": [
        0.4926948845386505,
        0.94,
        0.041227144097157886
    ],
    "left_shoulder": [
        0.4248109757900238,
        0.94,
        0.3427706251080025
    ],
    "left_wrist": [
        -0.03779713064432144,
        0.88,
        0.4428482997415044
    ],
    "right_hip": [
        0.01342005655169487,
        0.94,
        0.05432398433763752
    ],
    "right_ankle": [
        -0.7644189596176147,
        0.94,
        0.03274120334082298
    ],
    "left_hip": [
        -0.009996628388762474,
        0.94,
        0.24759882880529127
    ],
    "left_ankle": [
        -0.7941344380378723,
        0.94,
        0.2622631685492145
    ]
}